{
  "Get Transaction By Hash" : {
    "transaction" : "Get Transaction By Hash",
    "sampleCount" : 10,
    "errorCount" : 2,
    "errorPct" : 20.0,
    "meanResTime" : 362.00000000000006,
    "medianResTime" : 344.0,
    "minResTime" : 330.0,
    "maxResTime" : 399.0,
    "pct1ResTime" : 399.0,
    "pct2ResTime" : 399.0,
    "pct3ResTime" : 399.0,
    "throughput" : 7.6452599388379205,
    "receivedKBytesPerSec" : 5.127699732415902,
    "sentKBytesPerSec" : 3.031226108562691
  },
  "Get Block Information By Number" : {
    "transaction" : "Get Block Information By Number",
    "sampleCount" : 10,
    "errorCount" : 2,
    "errorPct" : 20.0,
    "meanResTime" : 910.5999999999999,
    "medianResTime" : 1015.0,
    "minResTime" : 355.0,
    "maxResTime" : 1204.0,
    "pct1ResTime" : 1204.0,
    "pct2ResTime" : 1204.0,
    "pct3ResTime" : 1204.0,
    "throughput" : 7.745933384972889,
    "receivedKBytesPerSec" : 589.6803592176608,
    "sentKBytesPerSec" : 2.6399714368706433
  },
  "Total" : {
    "transaction" : "Total",
    "sampleCount" : 20,
    "errorCount" : 5,
    "errorPct" : 25.0,
    "meanResTime" : 706.1000000000001,
    "medianResTime" : 407.5,
    "minResTime" : 326.0,
    "maxResTime" : 1407.0,
    "pct1ResTime" : 1340.8000000000004,
    "pct2ResTime" : 1404.45,
    "pct3ResTime" : 1407.0,
    "throughput" : 5.768676088837612,
    "receivedKBytesPerSec" : 112.4156669130372,
    "sentKBytesPerSec" : 2.09706022858379
  },
  "Get Recent Block Number" : {
    "transaction" : "Get Recent Block Number",
    "sampleCount" : 10,
    "errorCount" : 0,
    "errorPct" : 0.0,
    "meanResTime" : 1187.2,
    "medianResTime" : 1172.0,
    "minResTime" : 967.0,
    "maxResTime" : 1407.0,
    "pct1ResTime" : 1407.0,
    "pct2ResTime" : 1407.0,
    "pct3ResTime" : 1407.0,
    "throughput" : 5.534034311012728,
    "receivedKBytesPerSec" : 0.9133318345323741,
    "sentKBytesPerSec" : 1.7726203652462647
  },
  "Get Block Information By Hash" : {
    "transaction" : "Get Block Information By Hash",
    "sampleCount" : 10,
    "errorCount" : 6,
    "errorPct" : 60.0,
    "meanResTime" : 364.6,
    "medianResTime" : 360.0,
    "minResTime" : 326.0,
    "maxResTime" : 416.0,
    "pct1ResTime" : 416.0,
    "pct2ResTime" : 416.0,
    "pct3ResTime" : 416.0,
    "throughput" : 16.977928692699493,
    "receivedKBytesPerSec" : 16.73254456706282,
    "sentKBytesPerSec" : 6.731483446519525
  }
}