{
  "Get Transaction By Hash" : {
    "transaction" : "Get Transaction By Hash",
    "sampleCount" : 20,
    "errorCount" : 4,
    "errorPct" : 20.0,
    "meanResTime" : 378.0,
    "medianResTime" : 380.5,
    "minResTime" : 303.0,
    "maxResTime" : 424.0,
    "pct1ResTime" : 423.0,
    "pct2ResTime" : 424.0,
    "pct3ResTime" : 424.0,
    "throughput" : 2.8864193967383462,
    "receivedKBytesPerSec" : 1.9255010643671524,
    "sentKBytesPerSec" : 1.1444201905036802
  },
  "Get Block Information By Number" : {
    "transaction" : "Get Block Information By Number",
    "sampleCount" : 20,
    "errorCount" : 12,
    "errorPct" : 60.0,
    "meanResTime" : 885.3,
    "medianResTime" : 465.0,
    "minResTime" : 340.0,
    "maxResTime" : 1952.0,
    "pct1ResTime" : 1934.2000000000003,
    "pct2ResTime" : 1952.0,
    "pct3ResTime" : 1952.0,
    "throughput" : 2.916302128900554,
    "receivedKBytesPerSec" : 238.7779327063284,
    "sentKBytesPerSec" : 0.9939350029163022
  },
  "Total" : {
    "transaction" : "Total",
    "sampleCount" : 40,
    "errorCount" : 15,
    "errorPct" : 37.5,
    "meanResTime" : 829.3749999999998,
    "medianResTime" : 419.0,
    "minResTime" : 303.0,
    "maxResTime" : 5436.0,
    "pct1ResTime" : 1445.6999999999998,
    "pct2ResTime" : 1943.0999999999992,
    "pct3ResTime" : 5436.0,
    "throughput" : 4.419889502762431,
    "receivedKBytesPerSec" : 92.2549421616022,
    "sentKBytesPerSec" : 1.6067420580110496
  },
  "Get Recent Block Number" : {
    "transaction" : "Get Recent Block Number",
    "sampleCount" : 20,
    "errorCount" : 0,
    "errorPct" : 0.0,
    "meanResTime" : 1163.6,
    "medianResTime" : 1119.0,
    "minResTime" : 930.0,
    "maxResTime" : 1398.0,
    "pct1ResTime" : 1398.0,
    "pct2ResTime" : 1398.0,
    "pct3ResTime" : 1398.0,
    "throughput" : 11.086474501108649,
    "receivedKBytesPerSec" : 1.8297013580931263,
    "sentKBytesPerSec" : 3.5511363636363638
  },
  "Get Block Information By Hash" : {
    "transaction" : "Get Block Information By Hash",
    "sampleCount" : 20,
    "errorCount" : 14,
    "errorPct" : 70.0,
    "meanResTime" : 890.5999999999999,
    "medianResTime" : 397.5,
    "minResTime" : 322.0,
    "maxResTime" : 5436.0,
    "pct1ResTime" : 4938.900000000011,
    "pct2ResTime" : 5436.0,
    "pct3ResTime" : 5436.0,
    "throughput" : 3.679175864606328,
    "receivedKBytesPerSec" : 2.875793322295806,
    "sentKBytesPerSec" : 1.4587357431935246
  }
}